account_name,contract_value,renewal_date,payment_status
Voyager Software Corp,"$649,461.00",2027-09-03,paid
Mariner,"1,708,239",2028-01-07,active
Everest Materials Corp,1879182,2027-09-13,paid
ATLAS ANALYTICS,1397499,2027-09-28,active
GRANITE INDUSTRIES,"$850,794.00",2028-03-30,active
Nightingale Ventures,$1834156,2027-02-01,active
Nova Associates,"$271,455.00",2027-11-13,active
ARDENT SOLUTIONS,"$160,246.00",2027-08-23,overdue
Rosewood Technologies,"$423,784.00",2026-12-27,paid
Silverton Capital Ltd,339398,2028-01-30,paid
ECHO SOFTWARE,$270118,2026-11-22,overdue
Ardent,"1,954,715",2028-06-08,paid
Winterset Associates,$348256,2027-03-21,active
Mosswood Ventures,1885514,2027-10-28,paid
Kindred Systems,"$1,134,543.00",2026-08-03,paid
Delta Industries,"$254,793.00",2026-08-03,active
Winterset Dx,"$1,343,572.00",2027-04-08,paid
Zenith Partners Co.,1253844,2026-08-02,paid
Sierra Technologies,"$1,960,942.00",2028-01-26,paid
Arbor Dynamics,"$1,300,761.00",2027-03-16,overdue
Thornton Consulting Co.,35553,2027-11-01,paid
Stonebridge Solutions Corp,214041,2028-04-28,active
Falcon Partners LLC,$429372,2027-05-29,paid
Cadence Enterprises,"$1,287,565.00",2027-05-19,active
Shorewood Ind,"1,516,107",2027-05-02,overdue
WILDFLOWER LABORATORIES,"$472,738.00",2026-09-11,active
Oakhaven Assoc,1939341,2027-01-23,overdue
THORNTON TECHNOLOGIES,"$1,891,327.00",2026-08-04,overdue
Rosewood Diagnostics Corp,$1777768,2028-02-18,active
Palisade Ent,291699,2028-03-25,active
Atlas Industries Corporation,"$13,068.00",2028-04-01,paid
Saffron Enterprises,"$1,068,737.00",2027-01-14,paid
Magnolia Dynamics,561498,2026-08-07,overdue
Whitestone Vent,"$935,381.00",2026-08-04,paid
Solstice Networks,$1936765,2028-05-07,paid
Orbit Capital,"$1,354,776.00",2028-03-25,paid
Fathom Solns,1216917,2028-02-06,paid
Ardent Laboratories,"1,923,850",2027-03-26,paid
Copper Enterprises,"1,669,974",2027-03-11,active
DELTA NETWORKS,867374,2026-09-16,overdue
Upland Dynamics Co.,1876192,2026-09-02,active
Hillcrest Analytics Co.,"$629,844.00",2027-10-13,active
Aspen Technologies,$859709,2028-03-06,overdue
Waypoint Consulting Co.,1436541,2028-03-02,paid
Sunfield Ventures Co.,"$1,202,633.00",2027-04-24,paid
Longview,"$90,846.00",2027-11-19,overdue
Equinox Tech,"$1,996,535.00",2026-09-29,active
Arbor Analytics,"734,680",2026-10-14,paid
THORNTON VENTURES,967499,2027-03-24,overdue
Copper Enterprises,1562973,2027-08-30,overdue
Pillar Analytics,"933,233",2026-12-13,active
Magnolia Holdings,"$633,918.00",2026-11-05,active
VOYAGER DIAGNOSTICS,"1,172,030",2028-02-08,paid
BASALT VENTURES,546842,2028-05-25,paid
MARINER LOGISTICS,$1444315,2026-12-30,active
Cascade Laboratories Co.,318331,2028-04-23,paid
Slate Capital,$1915841,2027-08-02,paid
Torchlight Vent,1459555,2028-05-06,active
Brightline Diagnostics,"308,457",2027-06-05,paid
SUMMIT DIAGNOSTICS,"$375,766.00",2028-05-25,paid
Beacon Materials,1059400,2027-10-19,overdue
Marble Capital,"$37,623.00",2028-01-26,active
Ledger Dyn,"1,965,665",2028-06-15,overdue
Vertex Hldgs,"1,495,239",2026-12-17,paid
Westbrook Grp,$459530,2028-01-04,overdue
PEMBERTON SOLUTIONS,"$1,282,590.00",2028-06-09,overdue
Goldleaf Solns,1411984,2028-01-15,paid
Mariner,"$895,987.00",2027-02-09,paid
Titan Enterprises Co.,965281,2028-06-28,active
TORCHLIGHT NETWORKS,"1,226,878",2027-05-04,active
Verdant Consulting Inc,"$1,641,266.00",2026-08-09,paid
Crestview Ventures Ltd,715936,2027-01-10,paid
Hillcrest Holdings,"$1,581,000.00",2027-12-02,paid
TRUEWIND MATERIALS,"$1,624,848.00",2027-10-14,active
Millbrook,1855328,2026-08-09,overdue
Nimbus Industries,"1,107,518",2027-07-29,active
TEMPEST PARTNERS,"1,087,538",2026-09-16,paid
VERTEX GROUP,$68746,2027-05-12,overdue
BASTION LOGISTICS,1620247,2027-03-19,overdue
Whitestone Associates Corporation,"$975,294.00",2027-02-28,paid
Tundra Tech,"$114,299.00",2028-06-18,overdue
Harbor Group,"$1,361,534.00",2027-05-10,active
Ardent Dynamics,"1,408,009",2027-01-13,overdue
Veridian Analytics,"$902,805.00",2026-11-13,overdue
Sandpiper Robotics,$272650,2026-08-18,active
Lantern Partners,"1,329,554",2028-04-09,active
Yarrow Holdings Inc.,1656343,2027-12-19,paid
BRIGHTLINE CAPITAL,"$145,259.00",2027-09-06,active
VOYAGER INDUSTRIES,"$890,633.00",2026-10-13,paid
TITAN HOLDINGS,1269655,2027-07-08,active
Hillcrest Soft,"$99,169.00",2027-09-16,paid
Falcon Networks,"$915,276.00",2026-11-20,active
DELTA NETWORKS,"702,899",2028-02-05,overdue
CALDER DYNAMICS,165523,2026-11-16,overdue
Riverstone Robotics Co.,"1,783,447",2027-02-23,overdue
Veridian Digital Corporation,95836,2027-07-05,overdue
BASALT DIAGNOSTICS,861076,2028-04-29,paid
HILLCREST ASSOCIATES,"1,021,181",2026-10-23,active
LAUREL HOLDINGS,1400680,2027-10-18,paid
JASPER INDUSTRIES,1724668,2028-01-24,overdue
Cedar Consult,"$274,005.00",2027-12-06,overdue
Sterling Ptnrs,$734532,2027-09-16,active
Horizon Matls,$1279920,2028-05-02,active
Marble Labs,"$1,282,016.00",2026-10-01,active
Vista Networks Co.,270119,2028-03-14,active
Northstar Ventures,"$1,073,113.00",2026-10-17,overdue
Calder Materials,"1,874,278",2028-06-23,overdue
Palisade,"$1,726,374.00",2027-02-21,active
ATLAS ANALYTICS,"1,004,272",2027-06-25,active
Chandler Materials,"$700,330.00",2027-04-04,active
Coral Logistics,"452,903",2027-02-12,overdue
Tallgrass Analytics,"$1,069,603.00",2027-07-14,overdue
Coral Robotics Corporation,"984,612",2026-08-08,overdue
GRANITE ENTERPRISES,$14654,2027-04-20,overdue
Oakhaven Holdings,"$1,463,477.00",2028-07-04,overdue
Solstice Networks,375937,2027-03-22,paid
ARDENT SOLUTIONS,$344527,2026-10-31,paid
ARBOR TECHNOLOGIES,1345832,2028-07-02,paid
Citadel Grp,83207,2026-09-13,paid
Axiom,$787877,2026-09-08,active
Ember Sys,643609,2027-10-23,overdue
Alloy Technologies,583393,2028-01-04,active
Everest Logistics,"$470,838.00",2028-01-18,paid
Arbor Dynamics,"$927,701.00",2026-09-03,paid
CLARION SYSTEMS,$475576,2027-04-22,paid
Shorewood Materials,"$1,350,087.00",2027-09-10,overdue
SHOREWOOD HOLDINGS,706542,2027-11-09,overdue
Ember Robotics Inc.,1293213,2027-01-01,overdue
Hearth Capital Co.,"$712,193.00",2027-06-17,paid
Wildflower Diagnostics,$1973781,2027-03-17,paid
CASCADE ROBOTICS,726356,2027-08-18,overdue
Ivory Ventures Ltd,"$977,554.00",2027-11-25,active
Tundra,$1584277,2026-11-02,active
Maverick Capital,$1664832,2028-05-28,paid
Vireo Labs,1907951,2027-11-14,active
Overland Dx,424613,2027-02-11,overdue
Juniper Analytx,"1,828,345",2027-07-31,overdue
Linden Consult,52403,2027-02-04,paid
Ironwood Laboratories Corporation,"$1,178,171.00",2027-05-15,overdue
TRUEWIND NETWORKS,$141324,2027-11-21,overdue
Wellspring Digital Ltd,"585,594",2026-09-16,paid
Galewind Assoc,1357401,2028-05-08,paid
Sable Consulting,167849,2027-10-12,active
Dunmore Consulting Corp,$1994416,2028-03-20,paid
Radiant Solns,1300409,2028-04-29,paid
Sentinel Solutions,"$1,397,483.00",2027-03-16,overdue
Orbit Group Inc,1249284,2027-10-05,active
OVERLAND SOFTWARE,1204742,2026-12-11,active
Umbra Hldgs,695228,2027-04-25,written_off
Overland Dx,987353,2026-08-22,overdue
Bastion Systems Inc.,$347217,2026-11-12,overdue
Maverick Networks Ltd,1633054,2027-10-27,paid
Crestview,$1843590,2026-12-15,active
SHOREWOOD HOLDINGS,"1,769,245",2027-08-30,active
Lighthouse Ent,$291717,2028-07-14,active
Vertex Software Co.,$1341729,2028-05-08,overdue
STRATUS ANALYTICS,891957,2027-05-29,active
Ardent Laboratories,"1,526,754",2027-06-02,active
Rampart Grp,1425038,2027-07-20,overdue
Maplewood Holdings,1689910,2026-12-19,active
Fathom,"1,113,900",2027-09-06,active
Thornton Systems,1656412,2026-09-10,overdue
ASCEND SOLUTIONS,"1,232,269",2026-12-04,paid
Thornton Networks,"$51,401.00",2026-08-09,overdue
Harbor Laboratories,859370,2028-06-17,overdue
Kestrel Grp,1746009,2027-04-09,overdue
Voyager Dynamics Corporation,1000238,2027-01-16,paid
Jasper Systems,$471180,2026-09-03,overdue
Sterling Ptnrs,"1,474,592",2027-10-18,paid
Alloy Robotics,"$1,595,164.00",2028-07-30,paid
Cascade Laboratories Co.,1603216,2027-09-20,active
Mesa Industries Co.,"$1,785,723.00",2028-03-13,paid
Brightline Labs,312249,2027-09-02,active
Springline,"$1,945,348.00",2026-10-10,paid
GATEWAY NETWORKS,"1,306,419",2027-10-30,paid
Jasper Capital LLC,1477522,2027-10-26,overdue
Zenith Materials,"$778,686.00",2027-04-02,active
Fathom Dynamics,1769367,2027-10-27,paid
Marble,1982780,2028-02-13,paid
STERLING SYSTEMS,1279170,2027-10-21,paid
Mariner Associates,734175,2027-01-18,overdue
Flint Digital Ltd,"$245,627.00",2027-05-06,paid
Overland Dx,1519929,2027-10-02,active
ASPEN ASSOCIATES,153304,2026-11-30,active
Slate Ptnrs,386102,2027-04-03,active
LAUREL VENTURES,752174,2027-04-20,overdue
Birch Ind,343349,2026-12-25,overdue
Millbrook Laboratories,"$307,826.00",2027-07-13,overdue
Northgate,"368,547",2027-07-23,active
Harbor Analytx,"1,023,510",2028-03-28,active
Crescent Technologies Inc,"$774,429.00",2027-08-13,paid
Obsidian Analytics LLC,"$945,856.00",2026-08-12,active
Alloy Robotics,1023099,2027-02-09,paid
Silverton Logistics,822112,2027-07-25,overdue
DRIFTWOOD LABORATORIES,1056194,2028-03-10,paid
Juniper Digital Ltd,"$220,651.00",2026-11-18,paid
Alder Networks,"170,015",2027-08-10,overdue
Pinnacle Ventures Inc.,713971,2028-03-17,overdue
Quasar,"906,146",2026-08-15,active
Mosswood Analytx,"336,158",2028-07-17,active
TIMBERLINE NETWORKS,"$1,841,719.00",2027-12-18,active
Meridian,"1,635,309",2026-10-13,paid
Solstice Technologies,255357,2027-01-18,overdue
Pemberton Diagnostics,854403,2027-02-04,overdue
Titan Industries,"$226,811.00",2027-04-18,active
CORAL MATERIALS,$1205975,2026-10-21,overdue
Argon Materials,"$1,944,666.00",2028-04-22,active
Beacon Robotics Corporation,"$861,668.00",2028-01-21,paid
Hallmark Robotics Co.,"1,324,737",2027-01-04,paid
REDWOOD PARTNERS,"6,363",2028-06-13,active
RIDGELINE VENTURES,TBD,2027-02-19,active
Nova Consulting,318883,2027-02-23,overdue
Granite Digital,"$1,471,520.00",2028-02-05,overdue
Thistle Logistics Co.,"$950,402.00",2026-09-06,active
HARBOR TECHNOLOGIES,1913932,2028-01-02,active
Maplewood Robotics Corp,$1880473,2026-09-02,paid
CHANDLER ANALYTICS,$172612,2026-11-21,active
Hearth Solutions,1429906,2027-10-13,overdue
Ascend Software,700839,2026-11-21,paid
Coral,"$76,209.00",2027-08-14,paid
Sentinel Solutions,389147,2027-05-31,active
Tundra Networks Inc,"57,327",2027-04-17,paid
Saffron Dynamics Ltd,$336357,2027-12-19,active
Maplewood Consulting,"$854,818.00",2027-01-09,active
Monarch Laboratories,$303015,2027-09-02,overdue
Voyager Consulting,1467413,2027-01-20,paid
Maverick Soft,"1,997,676",2028-06-19,paid
Grovewood Consulting,"1,270,007",2028-02-13,active
Crestview Hldgs,1161002,2027-02-16,active
Yarrow Dynamics Co.,788640,2028-06-03,paid
GROVEWOOD ANALYTICS,"975,079",2026-11-13,paid
Timberline Industries,"$1,555,131.00",2026-09-17,active
Summit Industries,$727428,2027-08-17,overdue
Fernwood Dx,892608,2027-07-05,paid
ARDENT SOLUTIONS,"1,436,591",2028-07-03,overdue
Magnolia Consult,"$786,167.00",2027-10-20,overdue
Timberline Industries,"$298,261.00",2026-11-06,overdue
Yellowstone Logistics Corporation,"$484,605.00",2027-06-04,paid
Northgate Dynamics Corp,237089,2028-03-30,paid
Birch Cap,"1,107,733",2028-06-04,overdue
Crestview Enterprises Ltd,"806,539",2027-02-20,active
Eastgate Capital,829011,2027-10-16,paid
Larkspur Ventures,1870490,2027-12-27,overdue
Hallmark Diagnostics Co.,"711,266",2027-01-11,active
Zephyr Networks Co.,1661273,2027-05-13,overdue
Winterset Software,"957,881",2027-06-12,disputed
Ironwood Laboratories Corporation,1568127,2026-12-19,paid
Keystone Enterprises,$1012351,2027-03-11,active
Thistle,282374,2028-02-02,active
Hallmark Networks Inc,671464,2027-03-03,overdue
Wildflower Analytics,$429268,2026-09-05,overdue
Legacy Networks Inc.,"$976,552.00",2027-01-05,overdue
Beacon Log,"$1,015,892.00",2027-02-27,overdue
Atlas Logistics,"830,546",2028-01-10,overdue
TRUEWIND MATERIALS,"268,063",2027-10-04,paid
SUMMIT DIAGNOSTICS,1918521,2026-10-22,overdue
Marble Software Corp,"629,855",2026-11-15,overdue
Beacon Labs,"1,023,975",2026-10-19,overdue
Ridgeline Networks Inc.,800952,2028-07-08,active
Obsidian Laboratories Co.,202553,2027-11-02,active
Beacon Sys,"834,238",2027-04-26,overdue
Arbor Associates,"1,563,081",2027-07-18,active
Summit Analytx,"$470,135.00",2027-07-18,overdue
Windward Capital Corp,"$1,018,022.00",2028-06-12,active
Hallmark Associates,"576,961",2028-02-07,overdue
MESA VENTURES,"785,377",2028-01-06,overdue
Delta Log,"$925,454.00",2026-12-09,overdue
Mariner Dynamics,"$458,730.00",2028-03-29,active
Quartz,TBD,2028-01-22,paid
BEDROCK VENTURES,"1,943,931",2028-01-20,overdue
Oakhaven Systems,"$782,963.00",2026-08-09,active
UPLAND PARTNERS,205583,2028-04-09,overdue
LAKESHORE INDUSTRIES,"$1,117,775.00",2026-08-08,paid
Cortex Consulting,"562,595",2026-08-22,overdue
Windward Networks Corporation,"$930,445.00",2028-03-25,paid
Larkspur Ventures,1877666,2027-02-25,active
Westfield Systems,469146,2026-11-06,active
Argon Tech,716845,2026-08-17,active
Umbra Enterprises Inc,"$815,301.00",2027-12-03,overdue
Lakeshore Partners,1955282,2026-09-05,active
LANTERN CONSULTING,$1895556,2027-07-10,active
,574580,2027-10-31,paid
Slate Solutions Co.,$1089980,2026-11-24,active
Yarrow Ventures,"$586,011.00",2027-11-20,active
Voyager Digital,973975,2027-11-13,overdue
Cascade Laboratories Co.,1823138,2028-07-03,paid
PINNACLE HOLDINGS,939636,2026-11-07,overdue
Rosewood Laboratories,"$1,714,318.00",2027-05-15,paid
Fathom Industries Co.,125462,2028-04-01,active
Goldleaf Technologies LLC,"$1,815,324.00",2027-10-27,active
MAPLEWOOD PARTNERS,"$215,485.00",2026-11-16,paid
Helix Digital,"909,814",2027-01-20,active
Quarry Systems,"798,671",2027-07-10,overdue
Pemberton Robotics,607573,2027-11-29,overdue
Jasper Software Corporation,"223,889",2026-08-01,overdue
Northgate Dynamics Corp,"$249,903.00",2027-12-29,overdue
Windward Labs,464644,2028-03-18,overdue
Riverstone Laboratories,"1,369,169",2027-12-24,active
Jasper Materials,"48,640",2026-08-11,paid
Tundra Dynamics Corp,1823413,2027-04-25,overdue
VERTEX GROUP,150045,2028-06-15,overdue
Zephyr Tech,"729,307",2028-03-09,paid
Stratus Group,"810,936",2028-07-27,paid
Bastion Dyn,"$1,816,683.00",2027-07-22,active
Larkspur Ventures,"$710,109.00",2028-05-08,overdue
Shorewood Sys,73313,2028-02-07,overdue
Falcon Robotics LLC,461749,2027-09-25,overdue
Coral Consulting,1594561,2026-08-21,active
Sierra Technologies,971867,2026-10-11,paid
Tundra Tech,"$1,519,218.00",2027-11-30,overdue
CRESTVIEW MATERIALS,439486,2027-10-22,paid
Lodestar Networks,40877,2026-10-05,active
Ravenwood Materials,$1096177,2028-04-30,active
RAMPART DYNAMICS,"$127,809.00",2027-05-01,overdue
Redwood Analytics,"$1,780,092.00",2027-09-25,overdue
LEDGER TECHNOLOGIES,"693,054",2026-11-12,overdue
Ember Robotics Inc.,$922961,2028-02-19,active
Ember Robotics Inc.,"$1,873,779.00",2027-08-02,overdue
Whitestone Associates Corporation,633536,2026-10-20,paid
ASPEN ASSOCIATES,"$433,081.00",2028-03-11,paid
Argon Holdings,"133,329",2027-09-16,active
MAPLEWOOD NETWORKS,1082755,2027-12-02,active
Glacier Technologies,194729,2027-08-17,active
Jasper Holdings,1373125,2027-11-16,active
Ivory Consult,1420870,2027-07-05,paid
Frontier,1461356,2028-04-04,paid
Sunfield Holdings,327895,2028-06-17,overdue
Quartz Laboratories,1976319,2026-12-24,active
Cardinal,"$1,066,216.00",2027-01-27,overdue
Stratus Partners,"1,346,247",2028-06-11,paid
Maverick Hldgs,1789323,2027-09-15,overdue
Yarrow Group,"1,842,942",2027-09-01,paid
Riverstone Consulting,"390,558",2027-06-14,paid
Nova Consulting,"515,972",2027-10-15,overdue
Bastion Dyn,"1,173,875",2027-08-01,active
Nightingale Networks,"$935,299.00",2027-04-05,overdue
Cadence Ventures,"$955,939.00",2027-08-16,overdue
VANGUARD SOLUTIONS,494528,2027-08-05,paid
BEDROCK DIAGNOSTICS,205144,2027-11-06,paid
Riverstone Consulting,"$58,839.00",2028-01-30,paid
Torchlight Associates,1647841,2027-02-15,active
Lodestar Enterprises Inc,1877413,2028-01-14,active
Slate Enterprises,$1494750,2028-06-20,active
Cedar Group,"1,528,140",2027-05-02,paid
Veridian Vent,"$1,471,673.00",2027-03-10,active
Dunmore Materials,$1796139,2026-09-16,overdue
Cortex Analytics Inc,"1,814,895",2027-01-11,overdue
Pinnacle Software,1417005,2027-02-19,paid
Vista Networks Co.,"269,930",2027-08-11,paid
WILDFLOWER MATERIALS,$205502,2027-04-26,paid
Voyager Materials,146003,2027-08-19,overdue
TORCHLIGHT NETWORKS,"246,473",2026-09-14,paid
Sentinel Systems,431672,2027-04-02,paid
Vista Software,$1169710,2026-10-20,overdue
Arbor Ind,"155,181",2027-08-23,overdue
FRONTIER ANALYTICS,"883,068",2027-08-08,paid
Goldleaf Solns,834264,2028-05-07,active
Lantern Ventures,305855,2028-03-20,paid
Tidewater Dynamics,261793,2027-05-03,paid
Saffron Laboratories LLC,1378826,2026-12-26,paid
Dunmore Ventures Corp,"$1,781,925.00",2027-09-01,paid
Cascade Partners,"603,193",2027-10-20,active
Axiom Consult,"$227,905.00",2027-07-28,overdue
Crimson,$1014941,2026-08-25,overdue
Meridian Industries Corp,"$1,680,038.00",2027-01-10,active
Rosewood Holdings,1184904,2027-04-23,paid
Rosewood Ptnrs,"$1,295,532.00",2027-01-26,overdue
RIDGELINE VENTURES,1151689,2027-07-27,overdue
Juniper,1533673,2028-03-10,paid
Verdant Laboratories,"$1,383,383.00",2027-05-25,active
Onyx Diagnostics,1705549,2027-04-30,active
Maverick Soft,$663537,2027-08-31,overdue
Ascend Industries Corp,1268593,2028-03-17,paid
Granite Partners Inc.,"1,393,141",2027-05-27,active
Truewind Sys,"923,875",2026-10-05,paid
Hillcrest Ent,202746,2026-08-09,overdue
Summit Ventures,"$1,079,778.00",2028-03-15,overdue
Millbrook Tech,"502,296",2027-07-03,overdue
Hallmark,664073,2028-06-02,overdue
HORIZON DIAGNOSTICS,"1,886,983",2027-12-19,active
Ravenwood Networks,950585,2028-03-11,paid
Cadence Logistics,"512,499",2026-10-01,overdue
Bramble Ventures,1711962,2027-07-29,overdue
Lodestar Soft,"$1,734,878.00",2026-08-01,active
Palisade Partners Inc.,"$1,212,161.00",2028-01-28,overdue
Tempest Ventures,$1612314,2027-07-17,paid
Axiom Capital,"$1,630,476.00",2027-10-03,paid
KEYSTONE MATERIALS,1863351,2026-09-27,paid
Eastgate Logistics,"1,971,909",2028-07-18,active
ALDER DIGITAL,"161,435",2027-06-20,active
Torchlight Vent,1259651,2026-11-15,overdue
Tundra Dynamics Corp,"1,196,726",2026-09-23,active
Ironwood Logistics Co.,"$813,200.00",2028-03-16,overdue
Granite Laboratories Inc,497575,2027-10-06,active
Obsidian Materials,"395,161",2026-12-15,paid
Ravenwood Systems,440236,2027-10-01,paid
Citadel Industries,"1,890,838",2027-07-23,active
ARGON VENTURES,229689,2028-05-06,overdue
VISTA PARTNERS,500984,2027-09-10,active
Slate Analytics,$1216305,2027-01-21,active
Rosewood Vent,"$296,358.00",2027-05-17,paid
Veridian Tech,828489,2028-06-24,overdue
Rosewood Systems Inc,"$1,053,995.00",2027-06-16,paid
Alloy Technologies,"1,300,635",2027-05-19,paid
Cardinal Soft,"1,130,292",2027-05-12,overdue
Peregrine Systems LLC,1585663,2027-05-27,overdue
,"732,403",2028-07-04,overdue
Cedar Dx,"$48,737.00",2027-05-12,active
Cortex,"$950,520.00",2027-08-02,active
Driftwood Industries,"$131,016.00",2027-08-06,active
Citadel Materials Inc,"1,524,128",2026-10-08,written_off
Ember Group,1960907,2028-01-05,paid
BRAMBLE SOFTWARE,110115,2028-05-31,active
Axiom,1932379,2027-04-29,active
Sierra Industries,362556,2027-08-03,overdue
MERIDIAN SOFTWARE,654207,2028-05-11,active
Chandler Enterprises,"$272,860.00",2026-11-02,active
Wellspring Ventures Ltd,$166554,2027-02-21,overdue
Yellowstone Robotics,1998170,2028-07-19,paid
Timberline Industries,"243,806",2027-04-20,overdue
Stonebridge Diagnostics LLC,1622943,2027-12-22,active
Helix Partners,26884,2028-01-28,active
Tundra Tech,1271138,2028-01-24,paid
Onyx Industries Corporation,"252,197",2027-03-16,paid
Trellis Vent,$1294048,2028-06-04,paid
Orbit Capital,1148854,2027-08-09,active
Stratus Enterprises,"1,193,351",2027-01-11,paid
Northstar Soft,297471,2026-11-09,paid
TEMPEST PARTNERS,"314,331",2027-02-07,overdue
Lantern Robotics,"819,414",2028-02-19,active
Oakhaven Log,"$1,705,496.00",2026-12-21,paid
WHITESTONE DIAGNOSTICS,1117339,2028-02-06,active
Nightingale Group,"1,738,738",2028-05-14,active
Monarch Consulting,"1,125,786",2027-03-18,overdue
Yellowstone Systems LLC,"$335,192.00",2027-07-13,active
Falcon Consult,"$1,395,237.00",2026-08-26,active
Westfield,196136,2026-08-11,paid
HALCYON ANALYTICS,1550839,2028-03-22,paid
Umbra Group Corporation,"$1,419,454.00",2027-03-08,paid
Meridian Analytx,756392,2027-01-02,active
WILLOWBROOK CONSULTING,"$1,591,047.00",2027-04-07,active
Alder Partners,765382,2027-05-04,overdue
Keystone Digital,481803,2027-10-25,overdue
Rosewood Analytics,"$1,620,138.00",2026-10-07,overdue
Orbit,"$1,460,559.00",2027-11-29,overdue
Evergreen Digital Co.,"873,440",2026-10-11,overdue
Trailhead Systems,"$443,317.00",2027-09-08,active
CARDINAL GROUP,94582,2026-10-02,active
OVERLAND DYNAMICS,"$110,403.00",2026-12-31,overdue
Solstice Cap,665998,2026-09-28,active
Southfield Analytics,"1,992,321",2027-06-21,paid
Ravenwood Solutions,1605563,2027-05-08,overdue
Obsidian Technologies Corporation,1228462,2027-07-14,paid
Cobalt Cap,"$1,289,171.00",2027-07-31,overdue
BASTION LOGISTICS,"276,530",2027-08-30,active
Everest Ind,"$817,039.00",2027-02-27,overdue
Alloy,"329,571",2028-06-03,active
Glacier Group,1334686,2026-09-21,paid
Rosewood Vent,"1,046,966",2026-10-16,active
Pemberton Digital Corp,$1166592,2026-08-20,disputed
Stillwater Robotics,382072,2028-07-20,overdue
Waypoint,697049,2028-02-15,active
Birch Technologies,"$1,689,156.00",2028-05-07,overdue
Everest Solutions,"$1,023,114.00",2028-01-12,active
Meridian Associates Inc,30845,2027-11-16,active
TRUEWIND MATERIALS,"$833,653.00",2027-01-23,paid
Lantern Robotics,"$558,319.00",2028-02-24,paid
Chandler Industries,39061,2027-09-15,overdue
LAUREL DYNAMICS,1540636,2027-11-16,active
EMBER DIGITAL,1234217,2027-12-06,active
Meridian Associates Inc,1042949,2027-07-08,overdue
Titan Analytx,"727,411",2027-02-27,active
Flint Logistics,431926,2027-12-26,paid
LARKSPUR DIGITAL,"969,832",2028-03-05,paid
Verdant Tech,629553,2027-11-30,active
Ledger,1345278,2027-08-09,active
Quarry Industries,885143,2028-02-07,paid
TIMBERLINE NETWORKS,"$1,821,905.00",2026-12-08,paid
STONEBRIDGE GROUP,"225,121",2027-09-02,active
Sierra Technologies,"$1,923,920.00",2027-03-11,overdue
SPRINGLINE PARTNERS,722242,2027-09-12,overdue
Longview Ptnrs,"$1,959,273.00",2028-06-06,paid
Obsidian Consulting,645635,2027-10-16,active
Truewind Ent,$1399614,2028-05-08,active
Sable,941406,2027-09-21,overdue
TORCHLIGHT NETWORKS,939371,2028-07-08,active
Vireo Labs,1077589,2028-04-13,paid
Northgate Software Corporation,"593,393",2027-11-01,overdue
Mariner Consulting,$239778,2026-11-17,paid
Mesa Industries Co.,$53110,2028-01-04,active
Grovewood Capital,"$1,800,824.00",2027-10-30,active
Kestrel Tech,"$340,284.00",2027-09-05,overdue
Verdant Materials,781038,2027-02-08,active
HALLMARK PARTNERS,"1,114,575",2028-07-11,active
Ledger Soft,$1045877,2027-07-25,active
CARDINAL NETWORKS,"1,924,968",2027-01-20,paid
RIDGELINE VENTURES,"$1,200,283.00",2027-12-24,active
Overland Analytics,603558,2027-12-21,overdue
Granite Laboratories Inc,"1,051,941",2028-05-02,active
DELTA DIAGNOSTICS,$1404071,2026-12-17,paid
Mesa Industries Co.,$1973187,2028-02-05,overdue
LEGACY PARTNERS,1726260,2026-09-05,active
Slate,1071104,2026-11-17,overdue
Maverick Networks Ltd,$648606,2028-01-25,active
LIGHTHOUSE HOLDINGS,1728807,2027-08-29,active
Monarch Enterprises,1105651,2028-02-09,overdue
Alloy Soft,1969463,2027-09-19,overdue
Rosewood Vent,$355687,2027-01-27,overdue
NORTHSTAR DYNAMICS,"1,895,063",2028-01-06,active
Citadel,"$1,991,495.00",2027-02-08,paid
Evergreen Materials,1237359,2026-09-24,overdue
Crestview Labs,1949947,2028-05-11,paid
Northstar,"1,940,761",2027-04-26,overdue
Axiom Solutions,"$731,278.00",2026-10-20,overdue
Meridian Dyn,$511177,2026-08-30,active
THORNTON ENTERPRISES,"1,381,061",2027-01-13,active
Lantern Logistics,$828944,2028-04-20,active
Alder Partners,32645,2026-09-13,paid
ECHO ANALYTICS,1340467,2026-12-20,active
Lighthouse Networks,781355,2026-10-20,active
Opaline Networks,99701,2027-10-17,disputed
Waypoint Ventures,"12,927",2027-09-07,paid
MIDLAND CAPITAL,1886536,2027-05-15,paid
Echo Partners Co.,1182938,2026-08-14,overdue
Thistle Analytics,"1,829,771",2027-06-03,overdue
Legacy Laboratories Co.,"1,839,949",2026-08-07,active
Crimson Diagnostics,"910,418",2028-05-24,overdue
Gateway Ent,917435,2028-07-07,overdue
Cascade Technologies,1508289,2027-06-16,active
PEMBERTON DYNAMICS,1644676,2026-12-11,active
ARDENT NETWORKS,"1,324,531",2027-05-16,active
Equinox Log,377152,2027-12-21,paid
Truewind Industries,795300,2027-05-22,active
Vertex Networks,"1,428,748",2026-12-19,overdue
Longview Solutions,"$1,535,880.00",2027-12-31,paid
Legacy Cap,132644,2027-07-25,overdue
,1206844,2027-09-27,paid
Echo Partners Co.,"$846,571.00",2028-01-03,paid
Equinox Tech,"$823,784.00",2028-01-01,overdue
Cortex Technologies,"$839,892.00",2027-10-17,active
Stillwater Technologies,$200524,2027-10-03,overdue
Veridian Associates LLC,"1,638,268",2027-04-18,paid
SILVERTON NETWORKS,"1,948,734",2027-04-13,overdue
Fathom Labs,20568,2028-02-07,paid
SILVERTON SYSTEMS,$302619,2028-06-11,overdue
Vertex Analytx,"$355,092.00",2026-11-21,active
Oakline Enterprises,"$1,346,618.00",2026-08-20,active
Pemberton Ind,1437758,2027-12-03,active
Bedrock Materials,"315,450",2026-08-10,active
Copper Digital,"$176,790.00",2028-04-16,paid
FALCON ANALYTICS,$581931,2027-07-11,overdue
CRESCENT LABORATORIES,904994,2026-10-08,overdue
Zenith Log,688001,2027-03-17,overdue
Midland Dyn,"$889,871.00",2027-09-15,paid
STRATUS DIAGNOSTICS,"1,556,918",2026-09-15,paid
Grovewood Consulting,"$795,532.00",2028-03-27,overdue
Summit Digital,"387,153",2028-05-15,active
Fernwood Networks Ltd,"1,408,266",2027-02-15,active
Zephyr Networks Co.,"1,469,653",2027-04-19,overdue
Stillwater Dyn,475173,2027-03-14,overdue
Crescent Solutions,349361,2027-07-25,active
LANTERN LABORATORIES,"$857,589.00",2028-05-29,active
Glacier Software,"214,516",2028-01-31,paid
Harbor Analytx,$435773,2027-08-27,active
Bramble Assoc,"$1,589,435.00",2027-08-15,overdue
Orbit Laboratories Ltd,322310,2028-01-10,overdue
Vireo Holdings,"$1,578,606.00",2028-06-17,paid
Larkspur Systems,966923,2027-09-14,paid
Crestview Solutions,$477988,2028-06-03,active
Lodestar Ventures,"964,796",2028-07-15,paid
Ironwood Tech,"$89,553.00",2027-10-04,overdue
SUMMIT ROBOTICS,"$1,114,266.00",2028-03-22,active
Vertex Networks,576760,2027-05-13,paid
ZEPHYR GROUP,1353985,2028-04-28,paid
Larkspur Consulting,"$473,980.00",2027-02-14,active
Thornton Hldgs,448854,2027-03-20,paid
PILLAR SOFTWARE,124565,2027-10-17,paid
Oakhaven Solns,"325,728",2028-05-29,overdue
LUMEN ANALYTICS,"$1,194,583.00",2026-12-19,paid
Chandler Consulting,144586,2026-09-23,overdue
Echo Partners Co.,TBD,2026-12-03,overdue
Monarch Technologies,986531,2027-05-13,active
WILLOWBROOK ASSOCIATES,202544,2028-01-12,disputed
STRATUS ANALYTICS,"1,298,498",2027-08-16,active
CALDER DYNAMICS,"$1,465,808.00",2027-06-28,overdue
Lattice Sys,"656,909",2026-10-24,active
Fathom Matls,"919,607",2027-01-31,active
Oakhaven Diagnostics,"$1,154,289.00",2027-07-23,overdue
Harbor Enterprises Corp,$1087800,2027-08-26,paid
Nova Solutions,"1,024,823",2027-05-06,paid
Meridian,"$1,760,191.00",2027-06-26,active
,216673,2026-10-12,paid
Larkspur Capital LLC,"1,499,855",2026-11-12,paid
Veridian Solns,"$878,580.00",2026-11-16,paid
Wildflower Diagnostics,630489,2027-08-18,active
Aurora Capital,1872915,2027-08-22,paid
Cortex Dynamics Co.,"$21,807.00",2028-03-24,active
Tallgrass Vent,"1,884,705",2027-11-29,active
ASCEND ASSOCIATES,"$1,211,983.00",2027-09-15,paid
Keystone,1027114,2028-04-11,overdue
Radiant,"375,734",2026-11-05,active
EVERGREEN INDUSTRIES,"1,183,126",2028-07-16,paid
ARGON VENTURES,"$76,333.00",2027-07-08,paid
Hillcrest Sys,"$379,713.00",2028-06-05,paid
Tallgrass Log,1991048,2027-07-02,paid
Delta Solutions Inc.,1215978,2027-03-28,overdue
Thornton Consulting Co.,"$101,310.00",2027-09-04,overdue
Oakline Solutions,$1580134,2028-06-17,overdue
Birch,"1,702,643",2026-08-17,active
Shorewood Analytics,"621,689",2028-05-31,paid
Helix Partners,"46,891",2026-12-03,active
Citadel Materials Inc,$983133,2026-12-29,overdue
Quarry Industries,"$1,508,818.00",2026-11-01,active
Silverton Logistics,62755,2027-04-10,overdue
Falcon Assoc,$1860588,2027-10-04,active
Northstar Ptnrs,1868652,2027-10-15,paid
Northstar Analytx,1806459,2027-01-11,paid
Obsidian Digital Co.,"449,347",2028-07-12,active
Vireo Partners,885171,2026-12-16,overdue
Basalt Ent,"$1,751,556.00",2027-06-01,active
Crimson Logistics,"$478,726.00",2027-11-25,overdue
Flint Robotics Ltd,"1,895,278",2027-05-15,paid
Quarry Logistics,1197602,2027-01-26,overdue
Alloy Technologies,1049445,2027-07-27,overdue
Tidewater,"$1,286,580.00",2026-12-14,active
Bastion Capital Co.,"1,932,903",2028-03-12,paid
Basalt,"$1,615,536.00",2027-09-12,written_off
Vertex Networks,"1,012,152",2026-09-28,overdue
Veridian Diagnostics,"$1,452,578.00",2028-04-22,paid
WINDWARD MATERIALS,973590,2027-08-28,active
Obsidian Ptnrs,6613,2027-05-28,active
Trailhead Soft,1843864,2027-03-28,paid
Sentinel Enterprises Co.,"$1,117,366.00",2027-11-30,overdue
Lantern Dyn,1592007,2027-11-14,paid
Horizon Software,"$1,358,956.00",2026-12-03,paid
Hillcrest,$1179301,2026-11-17,paid
Juniper,565496,2027-12-11,overdue
Nova Group Ltd,1800453,2027-09-30,paid
Obsidian Ventures Inc.,81920,2027-10-27,active
Saffron Grp,1165882,2027-05-28,paid
LODESTAR ROBOTICS,"$769,769.00",2027-03-19,active
Cardinal Technologies Co.,"$359,754.00",2028-07-11,overdue
Oakhaven Capital,$200357,2027-06-03,active
Millbrook Tech,"1,574,962",2026-12-18,paid
Fernwood,$318087,2027-09-05,active
Redwood Associates LLC,"1,490,406",2028-06-21,paid
Meridian Dyn,"1,961,272",2028-03-11,overdue
Magnolia Networks Co.,"1,843,026",2028-01-27,paid
Opaline Dyn,"$1,046,051.00",2028-03-09,paid
Pinnacle Software,245472,2028-04-24,paid
Ascend Materials,535750,2028-01-17,overdue
Tempest Hldgs,"$1,658,855.00",2028-05-06,active
Magnolia Partners Inc.,835923,2026-12-08,paid
Nightingale Log,"$247,029.00",2026-11-08,active
LINDEN SYSTEMS,1234705,2026-09-16,paid
Radiant Holdings Co.,"1,733,240",2028-01-30,active
Nimbus Enterprises,1905888,2027-02-03,overdue
Bastion Group,"$1,684,329.00",2028-06-16,paid
Sierra Capital,201966,2026-08-01,active
Tempest Dynamics,"$1,306,934.00",2027-11-03,active
ARGON VENTURES,"654,012",2028-06-13,overdue
COPPER PARTNERS,"478,221",2028-02-15,active
WELLSPRING MATERIALS,"$986,488.00",2027-08-15,paid
LATTICE CONSULTING,$1809732,2028-04-13,overdue
Bedrock Software,"$853,406.00",2026-12-02,overdue
Summit Ventures,707275,2026-12-06,active
Radiant Solns,"$182,493.00",2028-03-07,overdue
Axiom,$1033474,2026-08-09,paid
SUMMIT DIAGNOSTICS,$951570,2027-10-13,paid
Equinox Group Corp,367108,2027-04-15,overdue
Lantern Analytx,513565,2028-03-09,overdue
Veridian Analytics,"$69,970.00",2027-12-10,paid
Nova Tech,"$652,000.00",2027-04-22,paid
STRATUS ANALYTICS,"$898,232.00",2027-12-17,active
Yarrow Networks,"1,551,223",2026-11-18,active
Northstar,1807563,2027-09-17,paid
Linden Capital,949204,2027-11-29,overdue
Meridian Systems Inc,"513,790",2026-09-15,paid
Hearth Systems,576968,2027-01-04,overdue
Lakeshore Enterprises Corporation,873399,2027-12-23,active
Alder Software,"$66,583.00",2027-04-28,overdue
Radiant Robotics,"220,766",2026-12-24,overdue
NIMBUS HOLDINGS,771229,2028-06-27,paid
Sterling Networks Corp,"$1,107,807.00",2028-05-26,paid
Sentinel Group Inc.,"897,545",2028-01-31,overdue
Northgate Dynamics Corp,"1,220,415",2028-05-20,active
Maverick Networks Ltd,1727470,2027-06-05,overdue
Copper Analytics,"89,102",2028-03-21,overdue
Trailhead Log,"$1,694,094.00",2027-09-19,overdue
Oakline,$302981,2026-10-21,paid
Mosswood Analytx,170548,2027-07-12,active
Lakeshore Systems Co.,1321095,2027-10-11,overdue
RAVENWOOD DIAGNOSTICS,1393083,2026-10-08,paid
GROVEWOOD ANALYTICS,"$1,351,776.00",2027-12-21,paid
Slate Grp,"105,768",2027-05-13,active
Umbra Enterprises Inc,"$1,317,950.00",2027-10-27,active
Blackstone Associates Corporation,"1,204,019",2028-03-04,active
Overland Robotics,272840,2027-07-24,paid
Onyx Diagnostics,$35175,2028-03-17,overdue
Zephyr Laboratories,60454,2027-09-22,paid
Maverick Technologies,"$1,182,052.00",2027-06-10,paid
Kindred Digital,"1,585,227",2028-07-08,paid
Argon Materials,1890642,2028-07-27,active
Cypress Systems,1182671,2026-12-25,paid
Magnolia Partners Inc.,"$807,055.00",2027-11-30,active
Vista Networks Co.,"1,972,331",2026-10-04,overdue
Equinox Tech,"$1,096,769.00",2027-08-03,paid
Truewind Partners,"$1,179,384.00",2027-05-14,active
Cypress Ind,"623,452",2027-08-26,paid
Ridgeline Matls,"$332,314.00",2027-06-02,active
MOSSWOOD INDUSTRIES,"$777,805.00",2027-05-29,paid
Cortex Dx,"1,306,838",2028-03-06,paid
Brightline,"1,906,080",2028-06-01,overdue
Elmwood Grp,pending,2027-05-03,paid
Ascend Enterprises LLC,$122650,2028-07-16,overdue
Equinox Group Corp,636468,2027-04-18,overdue
SIERRA SYSTEMS,"$129,474.00",2026-12-23,paid
Ardent Ventures,"1,277,237",2027-09-28,paid
NORTHSTAR ASSOCIATES,"$321,479.00",2026-11-28,active
Wellspring Robotics Ltd,"627,717",2026-10-29,overdue
Vireo,"$1,653,994.00",2027-07-02,paid
Tidewater Dynamics,194720,2028-03-16,active
Goldleaf Ventures LLC,199605,2028-07-14,overdue
Overland Analytics,21939,2028-03-20,paid
Tundra Dynamics Corp,"780,088",2026-11-04,disputed
Jasper Associates,127587,2026-10-03,overdue
Truewind,"376,848",2028-01-04,overdue
Zenith Consult,1000453,2027-09-04,paid
BASTION LOGISTICS,879160,2027-06-06,overdue
Coral Ent,"1,760,676",2026-08-01,active
Cascade Analytics,$1073371,2026-08-15,overdue
Hillcrest Solns,"758,477",2028-01-15,overdue
Nightingale Analytx,"1,197,522",2026-08-15,active
Calder Systems Co.,"$1,846,691.00",2026-09-05,active
Wavecrest Ventures Corp,1837836,2026-08-24,overdue
Northstar Soft,$1855494,2027-03-04,overdue
GLACIER DYNAMICS,$55260,2027-03-01,paid
Longview Ptnrs,1282141,2027-03-30,active
Cardinal Capital,"$499,311.00",2028-07-05,overdue
Apex Sys,"$1,754,267.00",2027-10-15,overdue
PALISADE SYSTEMS,1746602,2027-06-11,paid
Juniper,$1856865,2027-04-26,paid
Basalt Digital Corp,$273663,2027-05-08,paid
Riverstone Enterprises,$198509,2028-01-25,active
Horizon Solutions Ltd,"$1,074,420.00",2028-04-16,active
Slate Assoc,1389651,2027-07-28,overdue
LAUREL SOFTWARE,"$173,579.00",2027-02-15,paid
Calder Ventures LLC,"$1,188,459.00",2027-05-05,paid
Lattice Group,963474,2027-08-20,active
GOLDLEAF ENTERPRISES,$115342,2027-08-05,paid
Vista Group,1671325,2026-09-16,overdue
Lakeshore Enterprises Corporation,179328,2027-01-03,overdue
Maverick Networks Ltd,133348,2027-12-12,paid
REDWOOD PARTNERS,"$387,186.00",2027-06-18,overdue
Mesa Networks,"$1,866,775.00",2026-09-22,overdue
Alder Labs,"$538,283.00",2028-03-20,paid
Ledger Dx,$1932248,2026-11-28,active
Lodestar Industries,"$866,794.00",2027-07-18,overdue
Thornton Consulting Co.,1924310,2026-08-01,active
Maplewood Enterprises,$1470800,2027-05-03,overdue
Helix Partners,672768,2028-06-20,paid
Opaline Consulting,$1654467,2028-03-12,paid
Pemberton Diagnostics,1892894,2028-05-12,overdue
Mesa,$501665,2028-05-17,active
Beacon Labs,961526,2028-04-21,overdue
Westfield Enterprises,"$1,434,987.00",2027-04-21,overdue
Trailhead,324510,2028-02-05,overdue
Stillwater Robotics,33541,2027-08-29,active
Lakeshore Holdings,$1985862,2027-12-30,active
Southfield Hldgs,"$1,931,117.00",2027-02-03,paid
Goldleaf Software,477587,2028-03-23,paid
Atlas Dynamics Inc,1416648,2028-05-04,overdue
Wellspring Diagnostics,"$1,712,611.00",2027-05-08,paid
Longview Dx,115198,2027-08-28,active
Whitestone Digital,"1,183,224",2027-10-02,paid
Clarion Dyn,"$567,282.00",2026-12-25,overdue
Hillcrest Digital,"$1,471,771.00",2026-08-13,active
Cardinal Capital,"$255,034.00",2028-01-08,active
Elmwood Partners,"1,405,435",2028-05-06,paid
Yellowstone Robotics,"$229,778.00",2028-07-04,paid
MARBLE ASSOCIATES,590033,2027-02-07,active
Lakeshore Logistics,"$864,828.00",2028-06-19,active
Seabright Logistics Corporation,"1,179,773",2027-03-16,paid
Arbor Associates,"1,533,000",2027-03-02,paid
Quasar Laboratories,722899,2028-03-24,paid
Bedrock Consulting LLC,310291,2027-06-17,paid
Torchlight Ptnrs,"$1,634,320.00",2026-10-05,paid
Tidewater Logistics,"902,190",2028-06-03,active
Trellis Consulting,"$1,451,738.00",2026-11-10,overdue
Eastgate Dx,"1,240,185",2027-02-01,overdue
Palisade Log,$1170567,2028-01-05,paid
Ascend Analytics Ltd,"$196,520.00",2027-08-20,overdue
PILLAR SOFTWARE,864457,2028-07-05,overdue
Sable Ind,198662,2028-05-04,active
Onyx Enterprises,"$1,278,512.00",2027-05-06,active
Harbor Associates,422710,2027-08-31,paid
RIDGELINE ENTERPRISES,$1410778,2027-11-11,paid
Zephyr Partners Inc.,"$144,427.00",2027-08-01,overdue
Northstar,$1330651,2028-07-24,active
Ravenwood Systems,"$1,066,339.00",2028-03-26,overdue
Magnolia Enterprises,"$1,516,259.00",2028-03-04,active
Cortex Systems,"322,648",2026-11-28,active
KESTREL HOLDINGS,"403,677",2028-04-09,overdue
WESTBROOK SOLUTIONS,"$645,370.00",2027-09-10,overdue
Goldleaf Technologies LLC,"$1,983,557.00",2028-04-03,paid
Apex Solutions,"$1,220,185.00",2028-07-10,overdue
MISTRAL ENTERPRISES,1902514,2027-11-04,paid
Calder Capital,1359466,2028-03-04,overdue
CRESCENT ANALYTICS,"282,403",2027-05-04,active
Aurora,1365977,2028-01-14,active
Falcon Partners LLC,1705599,2028-05-23,paid
Mistral Ventures,688360,2026-11-30,paid
Elmwood Materials,"$377,521.00",2028-04-21,paid
ROSEWOOD SOFTWARE,$1336289,2027-10-08,paid
Vertex Materials,$752275,2027-11-04,overdue
Vista Consulting,"$1,655,887.00",2028-07-19,active
Slate Dyn,413666,2026-08-28,overdue
Granite Dyn,1811160,2026-08-18,overdue
ANCHOR CAPITAL,"441,998",2026-12-18,overdue
SUNFIELD GROUP,$1680246,2027-06-27,active
PILLAR SOFTWARE,1469460,2028-02-14,active
VOYAGER INDUSTRIES,"979,238",2026-08-20,active
EMBER DIGITAL,"81,856",2026-09-18,paid
Citadel Robotics,136270,2026-12-04,paid
Evergreen,"1,249,171",2028-01-04,active
Peregrine Systems LLC,"$1,383,791.00",2027-06-02,paid
Monarch Enterprises,1046025,2027-02-24,overdue
Sunfield Networks Inc.,$1071444,2027-12-05,active
Magnolia Log,1831628,2027-02-12,paid
LODESTAR GROUP,"$163,009.00",2028-02-03,active
Lakeshore Enterprises Corporation,658407,2026-09-11,active
Mesa Diagnostics Ltd,1344902,2028-04-15,overdue
Vireo Systems,$1980684,2027-02-14,overdue
NIGHTINGALE DIAGNOSTICS,"$1,608,138.00",2027-01-06,active
Frontier Soft,846898,2028-04-17,overdue
Sable Solutions Corporation,"346,855",2027-04-04,active
Thistle Group,1287899,2027-03-11,active
Driftwood Matls,1845910,2026-08-23,active
Sterling Diagnostics Ltd,1048288,2028-06-22,active
Hillcrest Capital LLC,1011502,2026-09-21,active
Grovewood Capital,427220,2026-12-01,active
Tallgrass Associates,"$1,504,741.00",2027-12-30,overdue
Bastion Dyn,567004,2027-02-14,paid
Stonebridge Software LLC,$32531,2027-01-17,active
TIMBERLINE DYNAMICS,636676,2027-08-18,paid
Delta Associates LLC,1512365,2027-11-22,overdue
Quarry Vent,"$437,286.00",2027-06-29,active
Laurel Systems,83726,2027-06-23,active
WAYPOINT MATERIALS,"$1,953,318.00",2028-02-13,paid
VOYAGER DIAGNOSTICS,"$363,596.00",2028-03-30,paid
Crestview Associates,85615,2027-11-18,overdue
FALCON ANALYTICS,"28,816",2026-08-24,overdue
Tidewater Technologies Corporation,"24,068",2027-12-08,paid
Solstice Networks,$856217,2028-02-05,active
Nova Analytics,"29,001",2028-04-12,overdue
CRESCENT ENTERPRISES,$87877,2026-10-09,overdue
CALDER DYNAMICS,"149,049",2028-06-30,paid
Legacy Cap,"$233,014.00",2027-03-13,overdue
Vertex Hldgs,"$839,453.00",2028-06-05,overdue
Nova Industries Inc.,1784063,2028-05-17,overdue
Vertex Materials,282680,2027-10-03,paid
Beacon Diagnostics,155465,2026-10-21,active
Ascend Enterprises LLC,"$409,892.00",2027-01-07,overdue
Argon Labs,1909141,2027-06-11,active
DELTA NETWORKS,$327715,2028-01-07,overdue
RIVERSTONE HOLDINGS,"$988,863.00",2026-11-27,active
Midland Industries,969240,2027-08-16,paid
Lakeshore Software,147895,2026-10-02,paid
Umbra Analytics,1729211,2026-09-15,paid
Glacier,"74,164",2026-10-14,overdue
QUARTZ CAPITAL,"1,084,550",2026-08-11,paid
Dunmore Materials,"$1,609,482.00",2028-01-01,active
JASPER LABORATORIES,"$811,253.00",2027-08-27,overdue
Goldleaf,"$1,306,159.00",2028-03-05,written_off
ARDENT SOLUTIONS,"90,724",2027-01-10,overdue
Tempest,"$1,240,037.00",2028-02-23,paid
Radiant Solns,"$1,546,306.00",2028-03-31,overdue
STERLING DIGITAL,$19769,2027-09-02,overdue
Cascade Solutions,"$981,473.00",2027-06-04,written_off
Ascend Partners Corporation,1982102,2027-07-15,paid
OAKLINE DIGITAL,"$1,442,620.00",2027-11-11,overdue
Midland Vent,"678,084",2026-11-22,active
Ivory Group,"$467,027.00",2027-02-03,active
Meridian Dyn,$895770,2028-05-11,paid
Sentinel Solutions,"$541,941.00",2027-04-05,paid
Peregrine Dx,"$644,071.00",2028-01-14,paid
GROVEWOOD ANALYTICS,1734815,2026-11-17,overdue
Sentinel Labs,"$389,638.00",2027-11-30,overdue
Onyx Diagnostics,"1,907,754",2026-10-23,paid
Keystone Partners,"$557,067.00",2028-01-18,paid
Aurora Consulting,1578116,2027-08-17,overdue
Radiant Associates,"$1,637,200.00",2027-04-05,paid
Opaline Networks,1867839,2028-05-05,overdue
Yellowstone Ventures,"1,077,005",2027-10-23,overdue
Marble Group,"1,672,564",2027-06-04,overdue
Sentinel Enterprises Co.,$970491,2028-07-13,overdue
COPPER ASSOCIATES,1626657,2026-11-06,paid
Maplewood Solns,"$913,348.00",2027-09-27,active
Waypoint Robotics,"153,646",2028-03-30,paid
Nova Solutions,1234127,2026-08-25,written_off
LUMEN PARTNERS,1391919,2026-09-04,paid
Cadence Robotics,"$1,313,423.00",2027-06-08,active
Horizon Matls,1753197,2027-06-30,active
Alder Diagnostics,"$1,347,638.00",2027-03-17,overdue
Redwood Robotics Inc,"$1,678,296.00",2027-02-06,active
OVERLAND DYNAMICS,"$842,510.00",2028-05-30,active
Monarch Partners,"$327,790.00",2027-06-27,active
Mariner Materials,"$627,691.00",2026-10-12,overdue
Pillar Tech,"$527,277.00",2026-11-08,overdue
Tempest Systems Inc,$476123,2027-11-25,paid
Quarry Industries,"$18,100.00",2026-09-30,paid
Northstar Materials,$1764031,2027-06-10,overdue
Overland Laboratories,$1640293,2026-12-28,active
Sterling Technologies Inc,"$626,454.00",2028-05-17,active
Granite Laboratories Inc,1539882,2026-12-31,paid
Elmwood Robotics Inc.,$432298,2027-09-29,overdue
Mesa Digital,"1,949,676",2028-02-12,paid
Flint Ent,1510445,2026-12-12,overdue
Linden Enterprises LLC,"1,661,443",2026-11-12,paid
Riverstone Consulting,"$1,780,508.00",2028-02-15,overdue
Nova Digital,"$1,522,304.00",2028-03-10,active
Equinox,153317,2027-07-07,active
Calder Consult,1532503,2026-10-12,paid
Palisade Ventures,"$384,432.00",2027-09-17,overdue
WINTERSET ENTERPRISES,"$374,556.00",2027-12-31,paid
Oakline Logistics,471579,2027-08-23,overdue
WELLSPRING ASSOCIATES,936569,2027-10-10,overdue
Granite Holdings,"1,727,531",2027-06-25,paid
Thornton Consulting Co.,"$227,269.00",2027-09-30,active
Alloy Consulting,217712,2027-01-08,overdue
SOUTHFIELD CONSULTING,$335119,2026-11-28,paid
Vanguard,"$308,647.00",2028-03-14,paid
Crimson Diagnostics,1981316,2028-07-13,active
Jasper Dynamics,1218380,2028-03-21,active
Maverick Hldgs,1968372,2028-05-25,paid
Lodestar Cap,$1617096,2027-12-16,overdue
Millbrook Solns,"1,401,127",2027-07-04,paid
Overland Analytics,"$113,564.00",2027-08-18,overdue
Crescent Logistics,"$805,096.00",2027-12-04,paid
HALCYON ANALYTICS,"$358,942.00",2027-01-24,active
Glacier Laboratories,394249,2028-04-09,paid
Maverick Industries Corp,$1635440,2027-05-05,paid
Riverstone Dynamics Co.,$1297404,2027-05-16,overdue
Northstar Soft,"$1,047,142.00",2028-03-06,active
Ember Solutions,"463,499",2028-01-01,overdue
Legacy Industries,"589,438",2028-03-14,paid
Vista Enterprises,"$1,907,810.00",2026-11-02,paid
Larkspur Ventures,"$1,713,250.00",2026-10-25,overdue
Grovewood Soft,335733,2027-04-10,overdue
Longview Ptnrs,1615861,2027-02-02,active
Harbor Associates,745301,2027-03-14,paid
NORTHSTAR CAPITAL,"258,321",2027-01-10,active
Larkspur Capital LLC,645205,2027-07-21,active
Maverick Soft,$467647,2027-04-12,paid
VERIDIAN CONSULTING,584046,2027-06-15,active
CITADEL TECHNOLOGIES,$885535,2028-01-24,active
Millbrook Tech,$1587088,2026-11-23,overdue
Axiom Robotics Corp,1132694,2026-12-24,active
Mariner,"$217,917.00",2026-11-18,paid
SLATE SYSTEMS,$929792,2027-09-05,active
Westbrook Grp,"1,344,917",2026-09-06,paid
Stillwater,"$391,682.00",2027-05-03,paid
Everest Diagnostics,1224445,2027-12-10,overdue
Silverton Robotics,1298924,2026-12-29,overdue
Redwood Networks Inc,"1,847,335",2026-11-11,active
Keystone,$1017857,2026-09-13,overdue
Harbor Holdings Corp,"70,280",2027-08-05,overdue
Umbra Enterprises Inc,1315610,2026-12-14,active
Apex Grp,173153,2027-05-10,active
PEMBERTON VENTURES,$372926,2026-12-29,paid
Dunmore Digital,"$759,472.00",2027-03-21,overdue
Willowbrook Laboratories,690174,2028-02-02,active
HALCYON ANALYTICS,$644932,2028-05-14,paid
Elmwood Networks Inc,754550,2027-08-27,paid
Aspen Diagnostics,$1343342,2027-09-26,paid
Maplewood Associates,1990009,2026-08-20,paid
FERNWOOD LABORATORIES,"$494,434.00",2027-11-12,overdue
LEDGER SYSTEMS,650082,2027-10-04,overdue
TEMPEST SOLUTIONS,1962723,2027-09-12,overdue
Peregrine Group,215029,2027-07-15,overdue
Thistle Industries,"976,751",2028-07-12,overdue
SOLSTICE DYNAMICS,"$1,945,619.00",2028-02-14,disputed
Nova Consulting,"$851,271.00",2028-03-03,overdue
Southfield Ind,761119,2028-05-25,paid
ASPEN ASSOCIATES,990823,2028-03-28,overdue
DRIFTWOOD LABORATORIES,$319743,2027-02-10,overdue
Cypress Networks,"$802,717.00",2026-10-05,overdue
Oakline Partners,1095026,2027-12-29,paid
Horizon Matls,"$589,271.00",2028-01-05,paid
Tidewater Dynamics,"$1,557,771.00",2028-05-22,active
ZENITH SYSTEMS,830173,2028-04-26,paid
Rosewood Digital,1175123,2028-03-01,active
Brightline Partners,1602142,2027-11-19,paid
RAMPART DYNAMICS,1517083,2026-12-21,overdue
Eastgate,"$1,584,116.00",2028-07-23,paid
Aurora Log,$1392248,2028-07-20,active
,"$1,187,113.00",2026-08-12,paid
Cypress Consult,"$453,028.00",2028-05-19,overdue
CRESTVIEW MATERIALS,"$1,262,113.00",2027-12-28,paid
Trailhead Associates,1245281,2028-06-11,overdue
Obsidian Enterprises Inc,9323,2026-08-23,active
Mosswood Laboratories,"1,714,551",2027-06-15,active
ELMWOOD ENTERPRISES,703889,2027-06-08,active
Vertex Materials,"$1,067,348.00",2027-05-12,paid
Quasar Dynamics,"$1,347,044.00",2027-10-28,active
Mesa Industries Co.,431854,2027-03-06,paid
Ember Log,1149901,2026-10-23,overdue
Onyx Diagnostics,$632570,2027-04-26,paid
GROVEWOOD DYNAMICS,461574,2027-02-01,active
EMBER DIGITAL,"1,277,332",2027-03-18,paid
REDWOOD PARTNERS,$1470138,2028-06-29,active
Equinox Vent,922607,2027-07-12,overdue
Vista Digital Ltd,1987887,2027-04-16,active
Goldleaf Digital Inc,"$265,792.00",2028-05-07,overdue
Elmwood Holdings,"$1,663,071.00",2027-04-16,overdue
LUMEN ANALYTICS,"248,725",2027-05-26,overdue
Eastgate Capital,"138,407",2027-12-13,active
Driftwood Partners,1859462,2027-04-01,paid
Argon Materials,"1,389,088",2028-04-18,active
Cardinal Digital Inc,"$854,664.00",2026-08-19,paid
Riverstone Diagnostics,"1,005,790",2028-05-24,active
Nova Robotics,592942,2027-09-13,overdue
Grovewood Industries,495809,2027-05-18,paid
SPRINGLINE SOLUTIONS,931986,2027-06-28,overdue
Juniper Partners Co.,"$337,205.00",2027-10-06,overdue
Apex Analytics,"$1,229,002.00",2027-10-14,active
Equinox Matls,"1,140,992",2028-04-04,active
Quartz Analytics,241608,2026-12-20,active
Whitestone Log,1712237,2026-10-07,paid
Falcon Partners LLC,1548379,2028-02-04,active
Timberline Laboratories,"$441,762.00",2028-01-18,active
Aurora Diagnostics,597486,2027-12-18,active
LEDGER LABORATORIES,752650,2028-04-26,overdue
BRAMBLE TECHNOLOGIES,248282,2026-12-17,overdue
Apex Solutions,636783,2027-11-05,overdue
IRONWOOD ENTERPRISES,777354,2027-05-02,active
Rosewood Diagnostics Corp,332094,2027-07-29,overdue
Lantern Digital,592951,2027-01-29,paid
Springline Networks Corp,494729,2027-09-07,overdue
Stratus,"$997,592.00",2026-10-22,overdue
Redwood Networks Inc,"$1,951,992.00",2028-02-04,overdue
Trellis Diagnostics,"1,030,714",2026-12-19,paid
Seabright Partners,973684,2027-04-08,active
Fernwood Materials Inc.,623628,2026-10-24,paid
Marble Capital,"$1,682,321.00",2027-09-06,active
Marble Diagnostics Ltd,"$1,956,919.00",2028-03-25,overdue
Zenith Partners Co.,1108120,2028-04-12,overdue
Larkspur Capital LLC,"678,154",2027-06-25,overdue
Alloy Networks,1342922,2028-07-28,active
Rampart Tech,$1866494,2027-01-15,paid
Birch Log,"$1,393,635.00",2028-05-23,paid
Lumen Associates Inc,421199,2027-08-23,disputed
Blackstone Dx,"$587,347.00",2028-01-22,active
SLATE DIGITAL,$618491,2027-03-03,active
GRANITE VENTURES,"$1,602,877.00",2027-09-29,active
Sterling Ent,"$184,839.00",2026-09-14,active
VISTA PARTNERS,846555,2026-09-23,paid
TORCHLIGHT NETWORKS,527562,2026-08-09,overdue
Foundry,334620,2026-08-09,active
TEMPEST LABORATORIES,1881215,2026-12-27,paid
TRUEWIND CONSULTING,"$485,748.00",2027-11-28,overdue
Fernwood Networks Ltd,1733557,2028-03-22,active
Trailhead Partners,"$371,979.00",2027-05-18,active
Vista Software,"$1,322,020.00",2027-11-26,active
Pemberton Logistics Corporation,377530,2027-06-02,paid
BRIGHTLINE CAPITAL,462535,2026-08-30,paid
Mesa Diagnostics Ltd,313522,2027-11-25,disputed
GRANITE DIAGNOSTICS,348357,2026-10-27,overdue
Obsidian Materials,"508,469",2027-09-09,paid
LUMEN LABORATORIES,"$1,339,066.00",2028-01-19,paid
Nimbus Associates Corp,358371,2026-11-22,active
Goldleaf Technologies LLC,"$599,298.00",2028-07-21,paid
STILLWATER HOLDINGS,$1189050,2026-12-31,active
Windward Consult,"$183,625.00",2027-08-09,active
Stonebridge Ventures,"$1,911,423.00",2027-01-10,active
Stillwater Technologies,1179696,2028-03-24,overdue
Wildflower Diagnostics,"624,152",2028-06-04,active
VOYAGER DIAGNOSTICS,658650,2026-09-17,active
Vista Holdings Corp,1575655,2028-01-09,active
Argon Software,1126089,2027-11-13,paid
Alloy Consulting,"$1,154,349.00",2028-01-29,overdue
Bramble Assoc,813751,2026-09-14,paid
Peregrine Consult,"$253,029.00",2027-07-28,active
Brightline Digital,"$701,916.00",2026-10-23,overdue
Overland Ind,1285140,2027-11-18,active
Veridian Capital,1802584,2026-12-26,active
Quartz Dyn,180514,2027-12-07,paid
HILLCREST TECHNOLOGIES,"$474,259.00",2027-01-18,paid
Bastion Ent,"$548,504.00",2027-11-08,active
Zenith Networks Corp,164378,2027-04-23,overdue
Veridian Tech,"1,452,096",2026-11-30,active
Wildflower Digital,"$1,453,119.00",2027-12-12,paid
Gateway Partners,"708,521",2027-09-21,paid
Blackstone Cap,"$756,852.00",2027-02-14,paid
Calder Associates,1093415,2027-05-26,overdue
Hallmark Solns,45048,2027-05-30,overdue
Mesa Diagnostics Ltd,"$1,656,146.00",2027-09-30,active
Veridian Tech,$458470,2026-08-13,active
Umbra Dyn,1707662,2028-04-14,active
Ledger Cap,1695915,2026-10-06,overdue
Ascend Technologies,"$729,252.00",2027-07-10,active
Maverick Laboratories Inc.,"1,788,226",2028-07-07,overdue
Horizon Matls,"1,962,250",2027-02-23,paid
WELLSPRING MATERIALS,"1,927,920",2028-03-09,overdue
Thistle Holdings,489287,2027-05-30,paid
Trellis,"500,487",2027-04-18,overdue
Vireo Industries LLC,1403829,2027-06-18,active
ECHO SOFTWARE,"1,732,812",2027-12-16,paid
Trellis Networks Ltd,$1959317,2028-04-16,active
MAGNOLIA ANALYTICS,1564742,2027-10-30,overdue
Helix Ent,"1,782,584",2027-01-29,overdue
Zephyr Networks Co.,651633,2027-07-30,active
Southfield Digital,555066,2028-07-06,active
Aurora Software Corp,$1588277,2027-04-22,active
Mistral Digital,"514,758",2028-07-19,paid
Brightline Materials,"$352,297.00",2027-09-29,overdue
Veridian Laboratories Corporation,1162232,2027-05-21,active
Everest Assoc,"1,712,761",2027-09-28,paid
Evergreen Dyn,1450973,2026-09-19,overdue
DRIFTWOOD LABORATORIES,"549,786",2028-06-11,active
Orbit Vent,1579363,2027-09-04,overdue
Obsidian Systems Corporation,"$234,712.00",2027-12-16,paid
FRONTIER ANALYTICS,"$1,806,794.00",2027-06-05,active
Sable Consulting,"$1,641,260.00",2026-08-17,active
EVERGREEN DIAGNOSTICS,"$1,140,319.00",2027-05-29,paid
Copper Holdings,"$1,593,738.00",2028-06-10,active
WAYPOINT CAPITAL,"$1,963,375.00",2027-01-20,paid
Lantern Ent,1671038,2026-12-12,active
CALDER ANALYTICS,"$139,197.00",2027-08-13,paid
Brightline Hldgs,1310132,2028-02-16,active
Alloy Holdings,"1,217,288",2027-08-09,overdue
Vireo Digital,1058519,2027-08-13,overdue
Yellowstone Partners,1404670,2028-02-01,overdue
Flint Industries Inc.,"$1,236,184.00",2028-03-07,overdue
MAGNOLIA ANALYTICS,1538825,2028-01-09,paid
Axiom,"$1,408,579.00",2026-08-02,active
Ironwood Partners,"1,376,934",2027-04-11,active
Sable Solutions Corporation,1165867,2026-09-18,paid
TEMPEST LABORATORIES,192574,2026-11-27,paid
PILLAR PARTNERS,832156,2028-07-11,paid
CORAL MATERIALS,"$1,960,396.00",2028-03-12,overdue
Meridian Dyn,"$1,359,360.00",2028-07-25,active
Ardent Dynamics,197970,2028-01-29,paid
Bastion Labs,"$1,262,155.00",2027-05-05,paid
Galewind Diagnostics,456079,2027-08-16,active
HEARTH MATERIALS,$970748,2026-09-11,paid
Cedar Analytx,"862,252",2027-10-27,overdue
RAMPART MATERIALS,"1,134,234",2027-11-19,overdue
Mesa Labs,"$1,266,338.00",2026-09-14,paid
Juniper Systems Inc,1460259,2027-08-15,active
WELLSPRING MATERIALS,"$314,973.00",2027-10-10,paid
CALDER ANALYTICS,"$721,369.00",2027-08-21,active
Dunmore Materials,720896,2027-01-06,paid
Crimson Group Inc,1022900,2027-01-08,overdue
Halcyon Systems,"268,783",2027-08-15,paid
ARBOR LABORATORIES,198179,2027-01-29,paid
Jasper Dynamics,791006,2026-11-15,paid
Halcyon Software Inc.,1250032,2026-11-20,active
Helix Partners,1212274,2028-03-21,active
Eastgate Group,$1997566,2026-12-16,active
Mariner Technologies Corp,970268,2027-08-10,active
ARBOR GROUP,"$1,484,913.00",2027-02-02,paid
Chandler Labs,"$435,773.00",2027-04-29,overdue
Cadence Partners Inc.,1601692,2026-10-02,active
Vireo Systems,"$1,737,047.00",2027-10-04,active
Onyx Vent,273484,2027-02-07,paid
Eastgate Capital,"1,820,711",2027-03-14,disputed
Coral Networks Ltd,633822,2026-08-26,active
Frontier Digital Corporation,"540,078",2027-02-25,overdue
Apex Industries Co.,1638036,2027-11-06,active
Galewind Consulting Corporation,1912302,2027-11-06,written_off
Northstar Ptnrs,"$291,369.00",2028-03-12,paid
Trailhead Ventures,1654971,2027-08-14,paid
Ledger Ent,"891,861",2027-06-12,overdue
Sierra Technologies,436261,2027-09-16,active
Ember Solutions,1971356,2027-06-23,paid
Frontier Consult,"919,204",2027-09-05,paid
Onyx Materials Corp,"$1,756,396.00",2027-04-17,paid
Marble Ventures Corporation,285643,2027-08-13,overdue
Cortex Digital,"$1,891,661.00",2028-07-08,overdue
Goldleaf Cap,1286230,2026-09-25,active
,"$116,302.00",2027-10-29,paid
HARBOR DIAGNOSTICS,474354,2027-02-08,paid
Umbra Enterprises Inc,"$150,222.00",2027-09-05,paid
VERDANT GROUP,1207106,2028-07-26,paid
Atlas Assoc,1424283,2027-04-08,active
Peregrine Dx,"$1,071,558.00",2027-07-05,active
Lakeshore Robotics,1211969,2027-10-22,overdue
Sentinel Solutions,"1,853,951",2027-08-04,paid
LEGACY GROUP,"1,932,715",2026-12-19,active
Southfield Networks Corporation,"$197,299.00",2027-08-27,paid
Axiom Labs,"42,912",2027-01-31,paid
Mesa Diagnostics Ltd,"748,408",2028-06-20,overdue
Argon Materials,1966503,2028-07-06,active
Larkspur Capital LLC,685995,2028-03-21,overdue
Torchlight Vent,1798186,2027-12-10,paid
CLARION LABORATORIES,"1,630,441",2028-04-02,paid
Larkspur Solutions,"$861,249.00",2026-10-09,overdue
WELLSPRING CAPITAL,1976127,2028-04-23,active
Jasper Consult,1236250,2028-06-11,active
Hallmark Solns,1979266,2028-04-07,overdue
Vista Ventures,254613,2027-12-24,paid
Jasper Solutions,"$392,944.00",2027-12-23,paid
Upland Associates Corp,"$934,431.00",2027-08-03,overdue
Ledger Soft,1044910,2027-01-21,active
Wellspring Partners,"$839,212.00",2028-02-12,active
Kindred Grp,"$1,529,826.00",2028-04-28,active
MAGNOLIA ANALYTICS,"1,924,604",2028-02-19,paid
BRIGHTLINE CAPITAL,"524,970",2028-02-06,paid
Blackstone Log,"1,314,472",2028-01-10,active
Crescent Vent,$1732624,2027-12-22,active
Sunfield Matls,"$1,799,958.00",2027-12-03,overdue
Northstar,"$1,806,516.00",2028-05-07,paid
Falcon Group Ltd,75830,2027-07-05,active
Onyx,1873553,2028-02-06,overdue
QUARRY ROBOTICS,"1,532,403",2028-01-24,paid
Whitestone Industries Corp,"$1,376,041.00",2027-11-05,overdue
Copper Enterprises,"$1,321,014.00",2028-01-30,active
Vista Cap,1116364,2027-05-07,overdue
Southfield Hldgs,1448639,2028-05-21,overdue
Atlas Systems Inc.,"$822,294.00",2028-05-31,paid
Driftwood Group,1137120,2028-03-29,overdue
Legacy Holdings Corp,"1,033,464",2028-01-31,active
Lattice Vent,"1,786,686",2027-06-14,active
LAUREL DIAGNOSTICS,"1,118,702",2027-06-08,paid
ONYX CONSULTING,"$1,461,407.00",2027-04-26,disputed
Zenith Software Inc,"276,089",2028-05-18,active
Titan Labs,"$818,101.00",2027-05-16,paid
Sterling Ind,"1,603,251",2027-09-04,active
Ivory Hldgs,1246467,2027-03-05,active
Voyager Solns,"$949,479.00",2026-10-28,overdue
Lodestar Enterprises Inc,163099,2028-03-25,overdue
Helix Ent,365032,2026-12-18,paid
Orbit Capital,889960,2028-07-23,active
Solstice Robotics Corp,"$1,908,390.00",2026-11-09,active
Zenith Capital,$1026889,2028-06-01,active
SUMMIT DIAGNOSTICS,"$1,497,120.00",2026-09-29,paid
Fernwood Digital LLC,"$214,897.00",2027-10-26,active
DELTA PARTNERS,773958,2026-11-23,overdue
Umbra Sys,"$581,923.00",2026-11-29,active
Cortex Assoc,"$166,902.00",2026-12-08,overdue
Rampart Analytics,721576,2027-09-13,overdue
FATHOM NETWORKS,903429,2026-09-07,active
OVERLAND SOFTWARE,892612,2028-01-22,paid
Cadence Digital Corporation,561475,2027-08-20,paid
Marble Materials,"$1,208,061.00",2026-12-05,active
Fernwood Networks Ltd,"452,295",2027-02-07,active
BIRCH VENTURES,"726,530",2026-09-30,active
Lakeshore Digital Corp,"$1,402,503.00",2027-09-03,paid
Tidewater Labs,"322,727",2027-03-22,paid
Northstar Soft,"1,404,427",2027-09-02,paid
Alloy Ent,190513,2026-12-29,paid
Atlas Vent,897968,2027-03-27,paid
Chandler Group,102335,2027-01-31,paid
WILLOWBROOK INDUSTRIES,"$144,866.00",2027-10-10,written_off
,"$1,826,464.00",2027-08-11,overdue
Citadel Materials Inc,628883,2028-06-05,overdue
Quarry,"325,115",2027-05-10,active
Westfield Holdings Corp,1218400,2028-03-04,paid
Echo Partners Co.,155443,2027-08-30,active
SHOREWOOD HOLDINGS,$613291,2027-08-08,paid
Linden,"840,152",2028-03-29,paid
Sunfield Diagnostics,"$355,609.00",2026-10-10,paid
Radiant Solns,"$314,369.00",2027-06-15,overdue
EMBER ENTERPRISES,1481781,2026-12-11,paid
Fernwood,"$941,878.00",2027-05-23,active
Atlas Group,"$1,542,081.00",2027-07-10,paid
Echo Diagnostics Inc.,1432940,2027-10-26,active
TEMPEST PARTNERS,"$878,714.00",2026-12-18,active
Ravenwood Systems,1822759,2028-07-20,overdue
Vertex Logistics,1145791,2026-11-07,active
Wellspring Log,933933,2028-02-23,paid
Overland Materials,"$1,508,839.00",2027-03-28,paid
Frontier Solns,239769,2026-12-13,active
Jasper Dynamics,"$852,560.00",2027-03-27,active
Lakeshore Networks,1020607,2027-11-14,active
Peregrine Group,1611297,2028-06-04,active
Tundra Digital Inc,"$559,701.00",2026-08-25,active
TITAN NETWORKS,566862,2027-09-05,overdue
Nova Associates,"573,020",2026-12-13,active
Marble Capital,1768016,2028-05-01,active
Equinox Group Corp,1286181,2027-10-19,active
Legacy Matls,$110901,2027-02-07,overdue
Mariner Ent,"662,347",2027-04-04,paid
Rosewood Industries,"$1,252,122.00",2028-03-29,overdue
Longview Group,"193,179",2027-01-27,active
Citadel Grp,"$588,296.00",2027-06-08,paid
Pemberton Diagnostics,712859,2028-06-02,active
CORAL MATERIALS,1228739,2027-11-15,active
Trellis Logistics Co.,1675968,2028-06-25,overdue
Fernwood,"$75,633.00",2027-12-26,active
Lodestar Sys,$614242,2027-01-22,overdue
Kindred Dynamics,"1,099,676",2026-12-11,overdue
Stonebridge Dyn,"$1,117,426.00",2026-12-22,paid
SOLSTICE INDUSTRIES,958759,2027-04-08,paid
Marble Capital,"1,860,053",2026-11-21,active
Stonebridge,"559,348",2027-08-11,paid
Ardent Laboratories,"$997,013.00",2027-05-28,active
Lantern Robotics,"413,542",2028-04-13,paid
Gateway Consulting Corporation,"872,729",2027-03-19,active
Westfield Industries Co.,"$83,839.00",2028-07-26,paid
Vertex Logistics,1573660,2027-07-11,active
Upland Laboratories Corporation,1440195,2028-04-18,paid
GROVEWOOD ROBOTICS,"$29,176.00",2027-10-14,paid
Voyager Materials,$18758,2027-04-08,paid
Oakline,"$1,535,689.00",2026-11-03,overdue
Ascend Laboratories,"$853,969.00",2028-02-19,overdue
Hallmark Sys,"1,473,339",2028-02-10,paid
Willowbrook Hldgs,"$1,397,139.00",2027-01-08,active
LUMEN ANALYTICS,1914892,2027-12-18,overdue
VOYAGER LABORATORIES,1375794,2027-12-30,overdue
Crimson Diagnostics,392315,2027-02-06,overdue
Sable Solutions Corporation,1385218,2028-03-31,overdue
Kestrel Solns,695166,2027-07-04,overdue
Sable Consulting,"1,224,600",2027-12-02,overdue
Maverick Associates,1568265,2028-03-20,paid
Ravenwood Group,"$194,019.00",2027-10-10,overdue
Cobalt Software,$1023371,2028-03-04,overdue
Alloy Robotics,"$1,923,596.00",2026-12-29,active
Westbrook Capital Inc.,322023,2027-12-11,active
Silverton Digital,882366,2027-09-13,paid
Slate Soft,$514035,2027-09-16,active
Horizon Digital Inc,"$1,081,211.00",2026-09-02,overdue
Torchlight Vent,"$109,850.00",2026-10-15,paid
Willowbrook Solutions,"1,700,831",2027-08-17,paid
Orbit Capital,439906,2027-04-19,paid
Riverstone Laboratories,"$240,779.00",2028-05-20,active
Delta Digital Co.,"$1,473,915.00",2026-11-14,written_off
Wavecrest Partners Co.,"$1,503,010.00",2027-09-02,overdue
Quartz Hldgs,1212349,2027-07-06,overdue
Lantern Industries Co.,1679316,2027-05-13,paid
Ironwood Laboratories Corporation,985650,2028-01-11,paid
MARBLE TECHNOLOGIES,861883,2028-06-07,active
IRONWOOD NETWORKS,"678,890",2028-02-04,active
Calder Systems Co.,"1,921,756",2026-08-20,written_off
Monarch Dx,1373896,2027-01-17,paid
SUNFIELD TECHNOLOGIES,$1896206,2026-08-17,active
Beacon Ventures Corporation,1464503,2027-06-25,active
Wellspring Systems,345160,2027-04-10,paid
Opaline Industries Inc.,328162,2028-07-25,paid
Echo Log,816335,2027-05-14,active
Overland Dx,"922,146",2027-02-28,active
PEMBERTON DYNAMICS,"$892,571.00",2028-01-02,paid
Grovewood Consulting,"1,383,466",2028-03-25,overdue
Palisade Analytx,"583,859",2027-05-22,written_off
ASPEN ASSOCIATES,679018,2028-05-12,overdue
Anchor Partners,"$1,202,645.00",2028-06-06,overdue
Argon Capital,$459433,2027-01-04,active
STRATUS LOGISTICS,"$549,482.00",2028-04-24,paid
Gateway Ventures Corporation,$799469,2026-11-28,active
Tallgrass Technologies Inc,$637139,2027-10-10,overdue
Ironwood Cap,"1,457,118",2026-12-13,active
RIDGELINE VENTURES,1090843,2028-07-30,paid
,471082,2028-01-25,active
Cypress Ent,443800,2026-10-18,paid
Magnolia Technologies,"$1,996,534.00",2027-08-27,active
Birch Robotics,818456,2026-10-14,active
OAKLINE DIGITAL,"$1,749,136.00",2028-01-27,overdue
Cortex Ptnrs,"$978,923.00",2026-11-21,overdue
Brightline Assoc,"$227,342.00",2027-01-10,active
Midland Logistics,272510,2027-03-16,overdue
Sandpiper Technologies,1492273,2027-09-05,active
HORIZON INDUSTRIES,1163782,2027-04-23,overdue
Granite Holdings,"$1,648,650.00",2028-02-19,active
Sandpiper Analytics,1402553,2027-09-12,active
Everest Software Inc,$1548386,2028-03-28,written_off
QUARTZ SOLUTIONS,933580,2027-09-05,active
Arbor Dynamics,"$271,292.00",2028-01-20,paid
Calder Materials,"$617,741.00",2027-05-02,active
Riverstone Consulting,"5,179",2027-12-19,paid
MOSSWOOD PARTNERS,563304,2026-08-13,active
SUNFIELD INDUSTRIES,"$700,052.00",2028-07-23,overdue
Elmwood,665568,2026-10-22,overdue
ECHO SOFTWARE,"1,336,921",2027-07-23,overdue
Nimbus Diagnostics,"$1,713,766.00",2027-03-31,overdue
Argon Dyn,"$840,559.00",2027-06-02,overdue
Nightingale Industries,1434932,2026-08-17,written_off
Wellspring Partners,"$159,534.00",2027-10-24,paid
Riverstone Laboratories,"$1,828,879.00",2028-06-23,active
Crescent Robotics Corporation,"715,589",2026-12-16,overdue
Sterling Ptnrs,771761,2027-12-30,paid
Tundra Capital,"$986,429.00",2026-09-27,overdue
Quartz Consulting,634359,2027-05-22,overdue
Clarion Digital Ltd,1789496,2028-03-17,overdue
Cedar,649609,2027-06-19,paid
Juniper Associates,$423828,2026-09-17,active
Granite Logistics,$1208941,2027-09-25,paid
Trellis Laboratories,"$736,006.00",2028-01-04,paid
Winterset Partners Corporation,1359186,2027-06-14,paid
HEARTH MATERIALS,"$1,201,064.00",2027-09-08,paid
Stillwater Robotics,$793375,2027-08-08,active
Rosewood,"$1,041,861.00",2028-03-01,active
Overland Analytics,"$918,197.00",2028-01-09,active
Tundra Holdings Inc.,$260839,2027-02-22,paid
RADIANT SOFTWARE,"432,903",2027-11-16,paid
Vista,"105,784",2027-05-31,active
Radiant Dynamics,811996,2027-05-20,active
Keystone,357714,2028-06-26,overdue
Hallmark Solns,"1,445,193",2027-01-20,overdue
CRESTVIEW NETWORKS,205986,2027-01-05,active
OVERLAND SOFTWARE,541158,2027-03-03,active
THISTLE DIGITAL,385967,2028-05-11,overdue
Driftwood Logistics,"395,428",2027-08-16,paid
Ivory Solutions,578627,2028-03-06,overdue
Midland Software,"$818,477.00",2026-12-24,active
Riverstone Laboratories,"$1,455,182.00",2027-07-16,overdue
Harbor Industries,687758,2027-01-25,active
Eastgate Dx,31659,2027-01-21,active
Quartz Associates Corp,"608,638",2028-05-05,active
Timberline Solutions,$1124526,2026-11-21,active
Kestrel Digital Co.,"$708,737.00",2027-04-17,overdue
Apex Logistics,"814,152",2027-04-03,overdue
CALDER ANALYTICS,"$1,510,632.00",2028-07-17,paid
Millbrook Associates Inc.,1608662,2027-03-08,paid
Nightingale Ptnrs,$796787,2027-09-28,paid
Brightline Digital,"$1,060,146.00",2028-01-31,paid
Falcon Robotics LLC,"164,666",2026-10-24,paid
Ember Robotics Inc.,1557667,2027-11-29,paid
Coral Ent,1671423,2028-03-06,overdue
Hearth Robotics,"139,283",2027-09-09,paid
FRONTIER PARTNERS,103008,2028-07-03,active
Bedrock Networks,"$598,609.00",2026-10-30,active
BRIGHTLINE CAPITAL,"$321,325.00",2027-02-24,active
EASTGATE SOFTWARE,"1,813,492",2026-10-27,overdue
Anchor Digital,"$1,494,517.00",2027-02-17,overdue
KEYSTONE INDUSTRIES,"$629,035.00",2028-01-24,overdue
Lodestar Enterprises Inc,302098,2027-09-16,paid
Mesa Logistics,$1814926,2027-07-24,paid
NORTHSTAR ASSOCIATES,$681499,2027-09-25,active
VOYAGER DIAGNOSTICS,"682,962",2027-02-07,active
Willowbrook Capital,$1682253,2027-08-10,overdue
Chandler,"1,982,200",2028-02-12,paid
Helix Ent,864850,2026-09-24,paid
Cedar Log,"1,519,270",2028-05-16,paid
VISTA PARTNERS,17452,2027-09-02,overdue
Wavecrest Solns,1293298,2028-01-07,paid
Voyager Robotics,854006,2028-01-03,overdue
HEARTH MATERIALS,"495,456",2027-01-04,active
TIDEWATER CAPITAL,450837,2026-08-05,active
PILLAR DIAGNOSTICS,1185961,2028-04-29,overdue
Magnolia Soft,1065168,2028-01-07,paid
Oakhaven Enterprises Corp,92367,2028-01-29,paid
LUMEN LOGISTICS,$1578728,2027-07-14,active
Magnolia Partners Inc.,1581060,2027-03-09,active
Marble Analytics,1783968,2028-03-17,overdue
HEARTH HOLDINGS,$1231748,2027-08-29,active
Glacier Group,"1,970,250",2026-12-31,active
Goldleaf Robotics,"$906,722.00",2027-06-28,paid
Redwood Materials,544158,2027-11-27,active
Southfield,"320,988",2027-08-21,paid
Redwood Networks Inc,"1,076,106",2026-08-28,overdue
Jasper Dynamics,397545,2027-02-01,overdue
Calder Systems Co.,"$253,124.00",2027-01-13,paid
ELMWOOD LABORATORIES,"$1,946,822.00",2028-05-11,overdue
Riverstone Diagnostics,"44,348",2028-04-21,active
Yellowstone Robotics,187850,2026-11-05,overdue
Alder Technologies,1670985,2028-02-08,paid
Bramble Assoc,355325,2028-02-03,overdue
Vireo Industries LLC,1482508,2027-04-10,paid
Pillar Associates,1793620,2026-09-08,active
Pillar Digital,$888866,2027-08-04,overdue
Vanguard Enterprises,1268206,2027-10-20,overdue
Trellis Digital Corporation,"994,641",2027-07-31,paid
Tidewater Dynamics,"936,829",2028-04-04,paid
SHOREWOOD CAPITAL,720070,2027-11-17,active
HELIX SOLUTIONS,"$1,229,377.00",2026-10-12,overdue
OAKLINE NETWORKS,"835,986",2028-02-05,active
Apex Holdings,803638,2028-03-21,overdue
DRIFTWOOD HOLDINGS,"$1,042,561.00",2028-07-22,paid
ORBIT DIGITAL,1717447,2026-09-14,active
Alloy Consulting,"$161,510.00",2026-11-15,paid
Hallmark Solns,"$1,981,417.00",2027-09-03,active
Whitestone Industries Corp,499018,2026-12-26,active
CALDER ANALYTICS,"391,307",2027-08-21,overdue
Waypoint Analytics,$1999464,2027-07-19,paid
Alloy Analytx,944114,2028-02-13,active
ORBIT ANALYTICS,"960,130",2027-02-01,active
Elmwood Solns,"808,770",2028-03-03,paid
Bedrock Materials,$143240,2027-02-21,overdue
Citadel Enterprises,333033,2028-06-04,paid
HARBOR CAPITAL,"$1,100,245.00",2027-12-14,overdue
Birch Networks,"307,304",2028-05-10,active
FRONTIER ANALYTICS,788568,2026-08-01,overdue
,1812782,2027-05-03,overdue
Silverton Industries Corp,339402,2027-02-04,overdue
Foundry Solutions,1804304,2027-06-14,paid
Westfield Consulting Ltd,905026,2028-03-14,active
Hillcrest Grp,419149,2026-10-02,overdue
Sterling Ptnrs,1864151,2027-02-05,paid
Brightline Labs,1911945,2028-03-03,paid
Beacon Networks,800833,2026-12-12,paid
Vista Networks Co.,1746694,2028-03-11,active
Harbor,"590,792",2026-11-23,written_off
Peregrine Systems LLC,469323,2027-04-21,active
Springline Dynamics,$575793,2027-03-09,paid
Meridian,$142759,2026-08-06,overdue
Thornton Hldgs,"$227,807.00",2028-05-20,active
Falcon Partners LLC,$1787573,2027-02-16,overdue
Monarch Enterprises,"$153,061.00",2027-10-30,paid
HALLMARK LABORATORIES,"$1,763,082.00",2027-04-03,paid
SEABRIGHT SOLUTIONS,1153576,2026-11-22,active
Birch Hldgs,"$789,870.00",2026-09-20,active
FRONTIER ANALYTICS,"1,780,213",2027-01-21,active
Midland Enterprises Inc.,90208,2028-04-03,overdue
Apex Solutions,857654,2026-11-19,active
Tundra Software,"$1,300,172.00",2027-04-07,overdue
Zephyr Associates,"1,130,251",2027-08-11,active
Sierra Dynamics,TBD,2028-05-29,paid
Alder Hldgs,676866,2027-09-14,active
Ironwood Cap,"$552,206.00",2026-12-08,paid
Thistle Ent,574279,2028-06-06,paid
Vista Software,1283180,2026-10-10,paid
Thistle Consulting LLC,"1,691,544",2027-12-11,active
Copper Holdings,99347,2027-07-08,overdue
Ravenwood Dyn,81266,2027-01-03,paid
Upland Soft,"841,067",2028-02-01,overdue
ARGON VENTURES,"218,315",2026-11-11,active
GROVEWOOD ANALYTICS,"1,654,745",2027-02-04,paid
Northstar Ptnrs,1905093,2028-04-16,overdue
Ardent Dynamics,"1,170,272",2026-10-30,paid
Ascend Enterprises LLC,"$1,169,969.00",2026-12-26,active
Legacy Cap,"$1,532,833.00",2028-02-15,paid
Truewind Cap,"1,241,576",2027-03-07,active
Vertex Hldgs,1658680,2028-01-03,paid
Cascade Technologies,1136573,2026-08-19,active
TIDEWATER CAPITAL,1565169,2027-04-14,active
Wellspring Enterprises,"585,775",2028-01-09,overdue
Birch Dx,"$723,134.00",2026-09-03,paid
WELLSPRING MATERIALS,1779029,2026-11-16,paid
Bramble Matls,$1950258,2027-06-30,overdue
Northgate Consulting,327764,2027-04-20,paid
Zephyr Networks Co.,1586041,2028-01-28,paid
GATEWAY SOFTWARE,"$567,459.00",2028-03-02,active
Northgate Consulting,550284,2028-01-07,overdue
LAUREL GROUP,394068,2027-04-29,overdue
TRAILHEAD ENTERPRISES,1036329,2027-03-30,active
PILLAR SOFTWARE,"357,513",2026-10-03,active
EMBER DIGITAL,"$1,241,228.00",2027-09-01,overdue
LUMEN INDUSTRIES,$471751,2027-11-17,paid
NORTHSTAR TECHNOLOGIES,"$649,567.00",2026-12-02,overdue
Waypoint Software,"1,500,091",2027-03-25,overdue
Alloy Technologies,"$1,688,442.00",2027-12-30,paid
MAPLEWOOD TECHNOLOGIES,"1,185,905",2026-08-16,active
Bastion Dyn,"$1,018,598.00",2028-06-04,active
MAGNOLIA ANALYTICS,$1440485,2028-05-05,overdue
Legacy Solutions,233918,2027-08-25,overdue
Fernwood,1047034,2027-06-29,active
Obsidian Solutions,1913746,2028-04-03,paid
,1553063,2026-12-18,overdue
Ravenwood Systems,"1,305,697",2027-06-18,active
Bastion Robotics Inc,1467500,2028-07-11,overdue
Redwood Networks Inc,1354675,2028-06-02,active
Bedrock Tech,977238,2028-06-15,paid
Wildflower Diagnostics,"$860,264.00",2028-03-22,active
Grovewood Partners,"$705,162.00",2027-10-15,active
Radiant Dx,"76,066",2026-10-23,active
Ardent Group,613207,2028-04-11,active
Zephyr Laboratories,$1140763,2027-01-29,active
BASALT DIAGNOSTICS,1536318,2026-08-21,active
TALLGRASS SYSTEMS,"$387,630.00",2027-10-22,overdue
Palisade Dx,1879344,2028-04-02,written_off
Springline Laboratories,"$1,839,097.00",2028-04-21,active
Ivory Software,"1,493,464",2027-08-15,paid
Helix Materials,$269359,2027-03-08,paid
Oakline Dx,10647,2026-08-12,overdue
Veridian Tech,"1,579,952",2026-09-19,active
Palisade,"1,991,011",2027-10-26,active
Maverick Robotics,864642,2027-04-26,paid
Argon,"1,171,286",2027-12-13,active
Stillwater Technologies,127864,2027-03-14,overdue
Ivory Ent,713092,2028-06-30,active
BASTION LOGISTICS,1272766,2027-11-08,active
Riverstone Dynamics Co.,$706521,2027-11-11,paid
Arbor Consult,"$1,387,597.00",2027-03-29,active
Slate Enterprises,1590465,2028-02-24,overdue
GROVEWOOD LABORATORIES,"$544,808.00",2027-05-03,active
Stratus Ind,"267,786",2027-03-12,overdue
BEACON DIGITAL,"$1,737,352.00",2027-02-04,paid
Saffron,"$1,369,543.00",2027-02-17,active
Nova Consulting,1045460,2028-06-08,active
ARDENT SYSTEMS,934987,2026-08-03,paid
Crimson Diagnostics,416410,2026-09-04,active
Ledger Soft,208283,2027-12-22,paid
MOSSWOOD DIAGNOSTICS,$41054,2028-06-06,overdue
Alder Materials,$916415,2028-06-13,active
Halcyon Enterprises,1065500,2026-09-13,overdue
Brightline Digital,1191030,2026-11-17,active
Mosswood Networks,1599377,2027-03-13,active
ECHO SOFTWARE,"$782,439.00",2028-02-26,paid
Calder Consult,"$1,040,204.00",2026-09-08,active
